links,
https://youtu.be/8JYP_wU1JTU?si=bdPyIr-FT818iEPr,
https://youtu.be/iy-fhpbTH9E?si=ETiMmoZL4pwYXP-j,
https://youtu.be/-IvwoqPh1_I?si=k0YHCFRqWqMPTxPE,
https://youtu.be/uVA1-m8SVvA?si=pdKO3MeAkyvjrC2B,
https://www.youtube.com/watch?v=B_49lQxwMaM,
https://www.youtube.com/watch?v=VVBWn43woUY,
https://www.youtube.com/watch?v=MAu3e5GZo4k,
https://www.youtube.com/watch?v=Zr1xLtSMMLo,
https://youtu.be/fI1t0dY5zoc?si=1Q6JQxtDSagRYA-Q,
https://youtu.be/QbuKqvFrjt8?si=1GH4cGqn1Sl2xqIb,
https://youtu.be/wWy8ONwhdLQ?si=aSNYPNCK4S68o0hd,
https://youtu.be/HbzvIrRdVY4?si=8hPCJLVTTo449tRO,
https://youtu.be/Y1CcSXmb1VY?si=4X5hVwaDB9TkvNmJ,
https://youtu.be/Y1CcSXmb1VY?si=4X5hVwaDB9TkvNmJ,
https://youtu.be/DARUu2sJfqI?si=8q4arWOcDQ0G2_VT,
https://youtu.be/a6E5Sr9Ypcw?si=Wp6ESBFWm8cfJWre,
https://youtu.be/_VuMqbtphr0?si=xDAzegNsR7aw9QWO,
https://youtu.be/hKRada3AWII?si=iWbhvP1gcJA6oS1Z,
https://youtu.be/s1UQQELPyrc?si=o-CMVocdc3XVQQmj,
https://youtu.be/8wYvKeSK1IY?si=XvyrdszwETZJVWdQ,
https://youtu.be/E1P79uFLCMc?si=0jDuCJHwKhR2w-B5,
https://youtu.be/E4rbS0oxg30?si=AqhYIjBbWB71y3i5,
https://youtu.be/EKKe7DBZVhI?si=MP97QdwpQIbz3JP5,
https://youtu.be/NMZ5kJEviD0?si=_eKmYxQwyIE3HJkK,
https://youtu.be/NqR_dtZu4Mo?si=8FEYmCfphU-Igqjt,
https://youtu.be/YYEgq1bweN4?si=UpvpyGPKh65RuzqW,
https://youtu.be/frE1rjhH77Y?si=NyU-2I7S5OWOnTpT,
https://youtu.be/iLFcSfzrlMk?si=tWsSuCDfalz9A7X8,
https://youtu.be/iU58AIjh3YA?si=kN6RzipLHlIWDp7t,
https://youtu.be/xM8szz4VB28?si=2gZ9ESqCJ-E-_bck,
https://www.youtube.com/watch?v=vo4pMVb0R6M,
https://www.youtube.com/watch?v=hFV71QPvX2I,
https://www.youtube.com/watch?v=W4N-7AlzK7s,
https://www.youtube.com/watch?v=vHrmiy4W9C0,
https://www.youtube.com/watch?v=unWnZvXJH2o,
https://www.youtube.com/watch?v=fxZWtc0mYpQ,
https://www.youtube.com/watch?v=n46umYA_4dM,
https://www.youtube.com/watch?v=jReX7qKU2yc,
https://www.youtube.com/watch?v=H6u0VBqNBQ8,
https://www.youtube.com/watch?v=dGiQaabX3_o,
https://youtu.be/xPx5aRuWCtc?si=KOcmYbiBYvdjNdxh,
https://youtu.be/S72vvfBTQws?si=5yWnw_l-SXjoMi95,
https://youtu.be/S72vvfBTQws?si=HuZZ5Yhn2a5KHLgg,
https://youtu.be/y75yPx9WKHY?si=rBmIWx4o3QHoNZ0i,
https://youtu.be/57xUbch1viI?si=YemykTIfWkGnVRbV,
https://youtu.be/AcdOWKiKgWU?si=FR0WHHT4wGwz0hOk,
https://youtu.be/eAe7ETfQ_aA?si=iZx_fvg5otsGl7UH,
https://youtu.be/fYOA_sS5q-A?si=dOJ8AvK7ijh-BRTU,
https://youtu.be/83eJfEFFZ74?si=najGxVqMtRqehOTn,
https://youtu.be/83eJfEFFZ74?si=DyXxD25V5KNEKXdn,
https://youtu.be/Byh-HityBIM?si=LjvHEHS0wwxWot5w,
https://youtu.be/9VffLWl8asY?si=LaypMjaIz7vWCgl3,
https://youtu.be/9VffLWl8asY?si=GJd0NbksmrB07wip,
https://youtu.be/_NgdnsjPFNE?si=VCwA4tnPiLrlmv2m,
https://youtu.be/NGPAnLDzQYY?si=xTLqcQPb-N97D18c,
https://youtu.be/ocbAfpjibr4?si=0i2trh4gUcBesIZ8,
https://youtu.be/ocbAfpjibr4?si=1jK8YrZxBEuYf06W,
https://youtu.be/zHn-vSTMOWE?si=WOE86CPCVemXRXYt,
https://youtu.be/tMwFNMfjFuU?si=jFqjQLoCoLDj3ZK8,
https://youtu.be/LsFdROZ2OdA?si=Fr7tkdQWKVeaiLw1,
https://youtu.be/mkt-0ZuTKXU?si=344kbeMakXQ1M5BH,
https://youtu.be/H9ipRaLa4Jw?si=RYYCRSyVufANlmSC,
https://youtu.be/H9ipRaLa4Jw?si=w660bHL67Pqw5RSY,
https://youtu.be/6iVGuMyKFgA?si=5L3eeJdbVF2lMsV-,
https://youtu.be/mtHilmUa69M?si=E0HyyRdATyoAXGVJ,
https://youtu.be/4zdkun4xzOs?si=4UzjoQaUOTK8zV_Q,
https://youtu.be/4zdkun4xzOs?si=-XmVun4ctEBU-2s9,
https://youtu.be/dhgEpr87Yac?si=H0oZDGqUPSZ1DIiz,
https://youtu.be/aozlwC3XwfY?si=6QwTJZZeKP0mkzoq,
https://youtu.be/iywvlUk2Wfg?si=gPZGuCxYRKs2Scsx,
https://youtu.be/m2IPvT920XM?si=XwF-LSMPT3KfNMNa,
https://youtu.be/m2IPvT920XM?si=XwF-LSMPT3KfNMNa,
https://youtu.be/a0_lo_GDcFw?si=VJUMdjBjfsEJomJP,
https://youtu.be/a0_lo_GDcFw?si=rWR3YKaDFY90VaYE,
https://youtu.be/LEN8FZEKaNU?si=6dNo1qK9j7koIUUg,
https://youtu.be/VeTeK9kvxyo?si=4_Wk-5iatzV0nBb3,
https://youtu.be/nGlQkaoIfBI?si=ecTDc0Fcxcs7NnJD,
https://youtu.be/xLKUXI0enbg?si=xoxOzdK_BR6-FayJ,
https://youtu.be/jQpvph777Pg?si=Hffk9QHIDaqWfgcO,
https://youtu.be/b3mj4QQH8TM?si=72-wVFkUT4YNgUuh,
